JUDUL PROYEK,NAMA PERUSAHAAN,BIAYA AWAL,LABA BERSIH TAHUNAN,TOTAL LABA BERSIH,UNTUNG BERSIH,ROI PERUSAHAAN,PAYBACK PERIOD,DURASI INVESTASI,PERSENTASE INVESTOR,LABA INVESTOR TAHUNAN,TOTAL LABA INVESTOR,ROI INVESTOR,PAYBACK INVESTOR
Penambahan Stok Mobil Mazda untuk Miraen Showroom cabang Surabaya,Miraen Showroom,15000000.0,330000000.0,1650000000.0,1635000000.0,10900.0,0.045454545454545456,5,20.0,66000000.0,330000000.0,2200.0,0.22727272727272727
Renovasi Outlet BudiCell Cabang Surabaya,Budi,5000000.0,70000000.0,350000000.0,345000000.0,6900.0,0.07142857142857142,5,10.0,7000000.0,35000000.0,700.0,0.7142857142857143
"Section Himalaya, Sektor Ruang Makan Outdoor BudiCafe",Budi,5000000.0,250000000.0,1250000000.0,1245000000.0,24900.0,0.02,5,10.0,25000000.0,125000000.0,2500.0,0.2
Penambahan Kursi untuk Sektor VIP Room Rental PS Pedro,Fahmi,5000000.0,250000000.0,1250000000.0,1245000000.0,24900.0,0.02,5,10.0,25000000.0,125000000.0,2500.0,0.2
proyek kereta cepat bwi-jember,Fahmi,8000000.0,15000000.0,75000000.0,67000000.0,837.5,0.5333333333333333,5,25.0,3750000.0,18750000.0,234.375,2.1333333333333333
