JUDUL PROYEK,NAMA PERUSAHAAN,BIAYA AWAL,LABA BERSIH TAHUNAN,TOTAL LABA BERSIH,UNTUNG BERSIH,ROI PERUSAHAAN,PAYBACK PERIOD,PERSENTASE INVESTOR,LABA INVESTOR TAHUNAN,TOTAL LABA INVESTOR,ROI INVESTOR,PAYBACK INVESTOR
Penambahan Gazebo untuk Outdoor Section Cafe Jawa,Budi,5000000.0,70000000.0,350000000.0,345000000.0,6900.0,0.07142857142857142,15.0,10500000.0,52500000.0,1050.0,0.47619047619047616
Renovasi Counter HP BudiCell cabang Rambipuji,Budi,3000000.0,79000000.0,395000000.0,392000000.0,13066.666666666666,0.0379746835443038,10.0,7900000.0,39500000.0,1316.6666666666665,0.379746835443038
Penambahan Unit Mobil Mazda pada Showroom MiraenCars Cabang Gajah Mada,Fahmi,150000000.0,250000000.0,1250000000.0,1100000000.0,733.3333333333333,0.6,25.0,62500000.0,312500000.0,208.33333333333334,2.4
